name,rate,duration,tags,decibel,trackbegin,trackend,miss
1f1n1ty & LOrbSheddy & PSMD - Dark Matter Suite Remix,2,389.07356,"[""GEO"",""REMIX""]",100,,,false
1f1n1ty x PSMD - Calm Craggy Area Remix,1,344.42449,"[""GEO"",""REMIX""]",120,,,true
300 Violin Orchestra - Jorge Quintero,3,178.213152,"[""EPIC""]",100,,,false
45 Nen No Yukizakura,3,139.389388,"[""OSU"",""FAV""]",100,,,false
A SAKA - Nanatsu Issenzakura,4,117.56263,"[""OSU""]",120,20.6,45,false
Aaro - Indestructable,4,233.151565,"[""YT""]",100,187.4,218,false
Addiction - GigaReol EVO,2,196.231837,"[""OSU"",""LYRIC""]",100,,,false
AeronMusic - Voluto,3,197.532154,"[""GEO""]",100,,,false
Aexly - ChinaH,3,231.433288,"[""YT""]",100,,,false
Ahxello - Frisbee,3,191.193107,"[""YT""]",100,,,false
Alan Walker - Force,3,239.304853,"[""YT""]",100,,,false
Alan Walker - Spectre  Force  Fade NCS Tribute Remake,2,730.109388,"[""YT""]",100,,,false
Alan Walker - The Spectre,3,206.309297,"[""YT""]",100,,,false
"Alan Walker, Sabrina Carpenter x Farruko  - On My Way",3,216.886,"[""LYRIC"",""EN""]",100,171,197,false
Alec Benjamin - Let Me Down Slowly,3,177.377234,"[""LYRIC"",""EN""]",100,,,false
Aleph0,3,139.714467,"[""OSU""]",100,,,false
Alex Skrindo - Stahl Moments,3,196.092517,"[""YT""]",100,,,false
Arash - Broken Angel,3,202.779864,"[""LYRIC"",""EN""]",100,,,false
Asu no Yozora Shoukaihan - Yuaru,3,177.031837,"[""OSU"",""LYRIC""]",100,,,false
At The Nationals,2,242.903946,"[""YT""]",100,,,false
Aurora Theory (Redux),3,250.75229,"[""YT""]",100,,,false
Beast - Fiction,3,,"[""NEW""]",100,,,true
BGAPCU - BGA,3,142.500862,"[""OSU""]",100,,,false
BlackHole - Cosminox,5,338.10576,"[""GEO""]",120,75.4,96.7,false
BlackHole - Lagomorphic,5,144.056599,"[""YT"",""OSU""]",100,107.5,127,false
BlackHole - On The Edge,3,178.050612,"[""YT""]",100,,,false
BlackHole - Recalcitrate,3,353.570249,"[""YT""]",100,,,false
BlackHole - Soar Original Mix,3,335.098776,"[""YT""]",100,,,false
Blackhole - SunStorm,3,,"[""NEW""]",100,,,false
BlackHole12 - The Dark Temple,4,204.149841,"[""YT""]",100,,,false
Blue Archive OST 113 - Usagi Flap,4,127.268571,"[""GAME"",""OSU""]",100,,,false
Blue Archive OST 159 - OperationDOTABATA,2,117.53941,"[""GAME""]",100,,,false
Blue Archive OST 195 - Nichirin,3,130.635465,"[""GAME""]",100,,,false
Blue Archive OST 77 - Burning Love,3,121.997642,"[""GAME""]",100,,,false
Blue Archive OST 88 - Oriental Drop,2,123.251519,"[""GAME""]",100,,,false
Blue Archive OST 91 - FEEEEVER TIME,3,87.864308,"[""GAME""]",100,,,false
Bossfight - Milky Ways,3,187.617234,"[""YT""]",100,,,false
Bossfight - Pirate Manners,3,182.114104,"[""GEO""]",100,,,false
Bossfight - The Maze Of Mayonnaise,4,191.146667,"[""YT""]",100,133.4,148.8,false
Brynhildr in the Darkness - Opening 1,3,99.613605,"[""OSU""]",100,,,false
Calamity - Fortune,3,135.256236,"[""OSU""]",100,,,false
Camellia - Towards The Horizon,3,124.923356,"[""OSU""]",100,,,false
Cartoon - Why We Lose feat Coleman Trapp,3,213.066304,"[""OSU"",""LYRIC""]",100,,,false
Cat Fork Master - I remember you at the festival BEMANI Sound Team,2,124.946576,"[""YT""]",100,,,false
Cat Fork Master - Scars of FAUNA Long Version,4,261.34059,"[""YT""]",100,,,false
Cat Fork Master - Time again,3,352.809796,"[""YT""]",100,,,false
Celestine Era,3,180.305175,"[""GEO""]",100,,,false
Chrono Cross - Scars Of Time Orchestral,3,153.55356,"[""YT""]",120,,,false
CHS 09 - Bad Boys missa,1,286.55746,"[""OSU""]",80,,,false
Cody Sorenson & Kadenza - Starset AirwaveMusic,4,187.733333,"[""YT""]",100,,,false
ColBreakz - 10000,3,243.205805,"[""YT""]",100,,,false
ColBreakz - 2011,3,196.231837,"[""GEO""]",100,,,false
ColBreakz - 50000,4,270.048073,"[""YT""]",100,183.5,203,false
Cornandbeans - Midnight,2,318.995737,"[""YT""]",100,,,false
Cosmo Memory - Nardis FRENZ2016,3,146.866213,"[""OSU""]",100,,,false
Counter Strike - Zombie Scenario,3,178.039021,"[""GAME""]",100,,,false
Creo - Carnivores,3,272.068209,"[""YT""]",100,,,false
Creo - Dimension,1,192.075465,"[""YT""]",100,,,false
Creo - Nautilus,3,323.059229,"[""YT""]",100,,,false
Creo - Sphere,2,240.094331,"[""YT""]",100,,,false
Daily To The Moon by Gusearth me - Geometry Dash 211,4,74.768254,"[""GEO""]",100,,,false
Dark PHOENiX - Taketori Hishou,3,229.622132,"[""OSU""]",100,,,false
Dawn - Kamone sano (ginkiha hardcore remix),3,207.052336,"[""OSU"",""REMIX""]",100,,,false
Dead To Me - Sex Whales & Fraxo,3,230.34195,"[""OSU"",""LYRIC""]",100,,,false
Dead To Me - Sex Whales & Fraxo Instrumental,3,235.26458,"[""OSU""]",100,,,false
Deep Side - Booty Music,3,178.97941,"[""LYRIC"",""EN""]",100,,,false
Defqwop - Heart Afire Unofficial Instrumental,3,240.047891,"[""YT""]",100,,,false
Detious & Lockyn - Allure (Original Mix) [Melodic Dubstep],4,385.149388,"[""YT"",""ROCK""]",110,176,230.42,false
Dex Arson - Machina,3,241.139229,"[""YT""]",100,,,false
Diana Boncheva feat BanYa - Beethoven Virus,2,220.14839,"[""OSU""]",100,,,false
Different Heaven & EHDE - My Heart,2,267.099138,"[""YT""]",100,,,false
Dimrain47 - Infernoplex,2,227.810975,"[""YT""]",100,,,false
Dimrain47 - The Falling Mysts,3,291.108571,"[""YT""]",100,,,false
Dimrain47 - Twilight Techno,3,173.011882,"[""YT""]",100,,,false
Disfigure - Blank,5,209.072472,"[""YT"",""ROCK""]",100,84.55,112.45,false
DJ Skyvos - Life is ours,3,215.713379,"[""YT""]",100,,,false
DJ Skyvos - Reawaken,2,243.763084,"[""YT""]",100,,,false
DJ Skyvos - Shining Heaven,3,230.132971,"[""YT""]",100,,,false
DJ Spyroof - Happy Hour,2,192.052245,"[""YT""]",100,,,false
DJ Spyroof - Potato Inc My Fantasy,3,212.067846,"[""YT""]",100,,,false
DJ Spyroof & DJ Nauzz - Lost In Space,4,302.06839,"[""YT""]",100,,,false
DJ Spyroof & DJ RoFlow - Second Earth,2,183.066122,"[""YT""]",100,,,false
DJ Spyroof & DJ SparkyPlug - The Lost Melody,3,204.056961,"[""YT""]",100,,,false
DJ Spyroof & DJ Splash - It Hits Different,2,213.066304,"[""YT""]",100,,,false
DJ Spyroof & DJ Striden - Golden Star,4,266.05424,"[""YT"",""FAV""]",100,,,false
DJ Spyroof & DJ Supersaw - Fantasy Island,3,200.039909,"[""YT""]",100,,,false
DJ Spyroof & DJ Zekno - It Gets Better,3,241.046349,"[""YT""]",100,,,false
DJ Spyroof & Elijah - All In Stars,3,200.039909,"[""FAV"",""YT""]",100,,,false
DJ Spyroof & Elijah - The Way To Go,3,218.058594,"[""YT""]",100,,,false
DJ Striden - Above the Clouds,2,201.317007,"[""YT""]",100,,,false
DJ Striden - ACE [Melodic EDM],3,236.936417,"[""YT""]",100,,,false
DJ Striden - Activate [Dream Trance],3,240.094331,"[""YT""]",100,,,false
DJ Striden - Aether Magic [Dream Trance],3,214.064762,"[""YT""]",100,,,false
DJ Striden - Anime and Techno [Techno Dream Trance],2,230.992109,"[""YT""]",100,,,false
DJ Striden - Aud0,2,338.570159,"[""YT""]",100,,,false
DJ Striden - Aud10 [Melodic EDM],2,319.947755,"[""YT""]",100,,,false
DJ Striden - Beats Are Heaven [Techno Dream Trance],3,283.097687,"[""YT""]",100,,,false
DJ Striden - Beyond The Universe [Trance],4,217.594195,"[""YT""]",100,151.85,182.3,false
DJ Striden - Blizzard [Melodic EDM],3,172.965442,"[""YT""]",100,,,false
DJ Striden - Born 2 Bounce [Melodic Bounce],3,240.071111,"[""YT""]",100,,,false
DJ Striden - Born To Bounce Techno Bounce,3,213.414603,"[""YT""]",100,,,false
DJ Striden - Butterfly,2,365.203447,"[""YT""]",100,,,false
DJ Striden - Candy Cane World [Candy Trance],1,204.930612,"[""YT""]",100,,,true
DJ Striden - Catalyst Electro,3,190.728707,"[""GEO""]",100,,,false
DJ Striden - Charisma [Melodic EDM],4,237.818776,"[""YT""]",100,,,false
DJ Striden - Dark City Night Electro,3,,"[""NEW""]",100,,,true
DJ Striden - Density [Melodic EDM],4,192.354104,"[""YT""]",100,,,false
DJ Striden - Dream 3,2,210.674649,"[""YT""]",100,,,false
DJ Striden - Dream 4 Hands Up,3,195.512018,"[""YT""]",100,,,false
DJ Striden - Drop The Beat [Electro],1,216.618957,"[""YT""]",100,,,false
DJ Striden - Eclipse 2 [Severe Epilepsy Warning] (Light Show Version),3,240.094331,"[""NEW""]",100,,,false
DJ Striden - Eclipse 2 [Tech-House],3,240.094331,"[""YT""]",100,,,false
DJ Striden - Electro Blue Electro,4,183.576961,"[""YT""]",100,,,false
DJ Striden - Enigma [Dream Step],3,300.396553,"[""YT""]",100,,,false
DJ Striden - Epiphany [Trance Drive],3,370.845896,"[""YT""]",100,,,false
DJ Striden - Evolve [Chiptune Style],4,245.73678,"[""YT""]",100,,,false
DJ Striden - Factor 7 [Techno Dream Trance],3,216.247438,"[""YT""]",100,,,false
DJ Striden - Feel [Color Bass],3,161.285813,"[""NEW""]",100,,,false
DJ Striden - Fight [EDM],3,198.878917,"[""YT""]",100,,,false
DJ Striden - Fire Circle Anthem Season 3,3,180.070748,"[""YT"",""ROCK""]",100,,,false
DJ Striden - Flow [Dubstep],1,242.950385,"[""YT""]",100,,,false
DJ Striden - Generation Y Resolve [Dance],2,348.13678,"[""YT""]",100,,,false
DJ Striden - GLOW [Melodic EDM],4,216.317098,"[""FAV""]",100,49.2,81.6,false
DJ Striden - Hard One Electro,5,219.753651,"[""YT""]",130,103.9,122,false
DJ Striden - Heart Stream,2,171.525805,"[""YT""]",100,,,false
DJ Striden - High Key Boppin Anthem Season 3,4,180.047528,"[""YT""]",100,107,124,false
DJ Striden - Hyper Fantasy,4,192.841723,"[""YT""]",120,47.4,72.28,false
DJ Striden - Ice Fire,2,252.540227,"[""YT""]",100,,,false
DJ Striden - Icosphere [Dream Trance],3,211.440907,"[""YT""]",100,,,false
DJ Striden - Legacy [Electro Trance],3,449.631202,"[""YT""]",100,,,false
DJ Striden - Level 6 x Rebirth [Remix],3,201.572426,"[""YT"",""REMIX""]",100,,,false
DJ Striden - Level Five (FinalBoss),4,210.558175,"[""GEO"",""BASS""]",100,159.7,192,false
DJ Striden - Level Nine [New Generation],5,252.052608,"[""YT""]",100,108,137.96,false
DJ Striden - Level One Electro,3,210.581769,"[""YT""]",100,,,false
DJ Striden - Level Three,3,216.200998,"[""YT""]",100,,,false
DJ Striden - Level Two,5,232.594286,"[""GEO""]",110,153,184.5,false
DJ Striden - Level X Miracle Release,2,213.902222,"[""YT""]",100,,,false
DJ Striden - Level X2 [Melodic EDM],3,186.038277,"[""YT""]",100,,,false
DJ Striden - Level X4 [Dream Trance],3,183.739501,"[""YT""]",100,,,false
DJ Striden - Light From Heaven [Dream Trance],3,192.284444,"[""YT""]",100,,,false
DJ Striden - Lights [Dream Trance],4,195.697778,"[""YT""]",100,24,39.9,false
DJ Striden - LOVE Epilepsy Warning,3,240.094331,"[""YT""]",100,,,false
DJ Striden - Maelstrom,2,250.450431,"[""YT""]",100,,,false
DJ Striden - Magic Fairy Dust Melodic EDM,3,265.729161,"[""YT""]",100,,,false
DJ Striden - Magnum Opus Orchestral EDM,2,192.075465,"[""YT""]",100,,,false
DJ Striden - Meant To Be Melodic House,3,166.765714,"[""YT""]",100,,,false
DJ Striden - Medallion Anthem Season 3,2,180.070748,"[""YT""]",100,,,false
DJ Striden - Melody 3 Anthem Season 3,3,180.093968,"[""YT""]",100,,,false
DJ Striden - Mesmerize Techno Dream Trance,3,,"[""NEW""]",100,,,true
DJ Striden - Midnight Melodic EDM,3,248.616054,"[""YT""]",100,,,false
DJ Striden - Miraculous,2,166.974694,"[""YT""]",100,,,false
DJ Striden - Modern Magic Techno Dream Trance,3,192.075465,"[""NEW""]",100,,,false
DJ Striden - New Game Plus,3,183.507302,"[""YT""]",100,,,false
DJ Striden - Nova [Melodic EDM],4,232.849705,"[""YT""]",100,,,false
DJ Striden - Over Powered,3,166.347755,"[""YT""]",100,,,false
DJ Striden - Pariah Anthem Season 3,3,180.093968,"[""YT""]",100,,,false
DJ Striden - Phaser Padz Anthem Season 2,3,180.070748,"[""YT""]",100,,,false
DJ Striden - Release [Melodic EDM],3,201.502766,"[""NEW""]",100,,,false
DJ Striden - Remedy Anthem Season 3,3,180.093968,"[""NEW""]",100,,,false
DJ Striden - Renegade [Orchestra EDM],4,199.320091,"[""YT""]",100,,,false
DJ Striden - Resonate Melodic EDM,3,205.125079,"[""GEO""]",100,,,false
DJ Striden - Revenant [Melodic EDM],2,180.976327,"[""YT""]",100,,,false
DJ Striden - Saturate Techno Dream Trance,3,316.696961,"[""YT""]",100,,,false
DJ Striden - Second Dream [Techno Dream Trance],2,213.832562,"[""YT""]",100,,,false
DJ Striden - Singularity,4,238.677914,"[""YT""]",100,,,false
DJ Striden - Siren 2 Anthem Season 3,3,,"[""NEW""]",100,,,true
DJ Striden - Sirens of War,3,170.016508,"[""NEW""]",100,,,false
DJ Striden - Smash Hit [Electro],2,255.001563,"[""YT""]",100,,,false
DJ Striden - Soul City Techno Dream Trance,3,176.634195,"[""GEO""]",80,,,false
DJ Striden - Souls Melody Dream Trance,3,284.490884,"[""NEW""]",100,,,false
DJ Striden - Stage One Techno,3,249.475193,"[""NEW""]",100,,,false
DJ Striden - Stereo Heaven Dream Trance,3,213.716463,"[""YT""]",100,,,false
DJ Striden - Super Cat 2,3,372.239093,"[""NEW""]",100,,,false
DJ Striden - Take Flight [Techno Dream Trance],3,209.165354,"[""NEW""]",100,,,false
DJ Striden - Take Me Back [Techno Dream Trance],4,238.654694,"[""YT""]",100,,,false
DJ Striden - The Return of Legend,1,286.023401,"[""YT""]",100,,,false
DJ Striden - Trick Shot Electro Metal,2,142.849161,"[""YT""]",100,,,false
DJ Striden - Tune Down  Our World Dream House,3,269.676553,"[""NEW""]",100,,,false
DJ Striden & DJ Harmonics - Hampster Dance Remix,2,263.709025,"[""YT"",""REMIX""]",100,,,false
DJ Striden & DJ Harmonics - Please Remember,2,240.41941,"[""YT""]",100,,,false
DJ Striden & DJ Spyroof - The Universe Techno Dream Trance,2,213.948662,"[""YT""]",100,,,false
DJ Striden & REtr0pl3xer - Acrosteliant,3,317.23102,"[""YT""]",100,,,false
DJ TAKA - Quaver,3,212.694785,"[""OSU""]",100,,,false
DJ Totoriott - Arcanos,3,116.099773,"[""OSU""]",100,,,false
DJ Totoriott - Chloé,4,120.186485,"[""OSU""]",100,,,false
DJ Totto - Astrogazer,3,107.43873,"[""NEW""]",100,,,false
DJ Totto - Crystalia,3,119.722086,"[""OSU""]",100,,,false
DJ Totto - Glacia,3,118.584308,"[""OSU""]",100,,,false
DJ Zekno - It Make Me Happy DJ Spyroof Remix,3,203.058503,"[""YT"",""REMIX""]",100,,,false
DJ Zekno & DJ Spyroof - I Had A Dream,2,255.071202,"[""YT""]",100,,,false
DjNate - Club Step,3,165.465397,"[""GEO""]",100,,,false
DjNate - Tears In My Eyes,4,156.781134,"[""OSU""]",100,,,false
DjNate - The Beginning of Time,3,164.702041,"[""GEO""]",100,,,false
DjNate - Theory of Everything,3,298.492517,"[""GEO""]",100,,,false
DjNate - Theory of Everything 2,3,220.519909,"[""GEO""]",100,,,false
DjNate - Theory of Everything 3,2,151.440544,"[""GEO""]",100,,,false
DJVI - xStep,4,192.655964,"[""GEO""]",100,,,false
Drop - Granat,4,47.113288,"[""OSU""]",100,,,false
Drumstep - Tristam - Braken - Flight Monstercat,2,219.924898,"[""YT""]",100,,,false
Dynamix - Arcaea Moonlight of Sand Castle,4,146.842993,"[""GAME"",""SAD""]",100,,,false
Dynamix - Grudge of the Fire Insect,4,169.900408,"[""GAME""]",100,,,false
Dynamix - Stardust,3,115.914014,"[""GAME""]",100,,,false
Electro - Nitro Fun - New Game Monstercat Release,3,259.413333,"[""YT""]",100,,,false
Elektronomia - Sky High,2,238.050975,"[""YT""]",100,,,false
Emily ft LK Justateen Andree - Ngọn nến trước gió,3,289.250975,"[""LYRIC"",""VN""]",100,,,false
EnV - Dynasty,4,243.136145,"[""GEO""]",100,,,false
EnV - Microburst,3,255.117642,"[""YT""]",100,,,false
EnV - Paladin,2,240.140771,"[""YT""]",100,,,false
EnV - Pearlescent,3,201.433107,"[""YT""]",100,,,false
EnV - Pneumatic Tokyo,2,228.136054,"[""YT""]",100,,,false
EnV - RPM,3,202.733424,"[""YT""]",100,,,false
EnV - Streetlights,3,257.044898,"[""YT""]",100,,,false
Ephixa - Speed Weed,3,101.401542,"[""GEO""]",100,,,false
Epic Score - Liberators,3,156.804354,"[""EPIC""]",100,,,false
Erik McClure - Solar Noise Original Mix,3,370.915556,"[""YT""]",100,,,false
Eve - Dramaturgy,3,245.78322,"[""YT""]",100,,,false
Eve - Outsider,3,208.654512,"[""LYRIC"",""JP""]",100,,,false
Eve - Zhe Qi Tan CGMVAdam,3,220.05551,"[""ANIME""]",100,,,false
EXO-K - Mama,3,270.466032,"[""LYRIC"",""KR""]",100,,,false
F-777  - 3 Airborne Robots Ludicrous,3,271.32517,"[""YT""]",100,,,false
F-777 - 5 Fasten Your Seatbelts Ludicrous Speed Album,3,156.757914,"[""YT""]",100,,,false
F-777 - 7 Mr Coffee Ludicrous Speed Album,3,225.02458,"[""YT""]",100,,,false
F-777 - A New Energy,4,161.843084,"[""YT""]",100,,,false
F-777 - A New Energy (Xtrullor Remix),2,212.300045,"[""YT"",""REMIX""]",100,,,false
F-777 - Abyss 2,3,255.721361,"[""YT""]",100,,,false
F-777 - Dance of The Violins,4,335.226485,"[""YT""]",100,,,false
F-777 - Dark Angel,4,234.359002,"[""YT"",""ROCK""]",100,90.7,119.3,false
F-777 - Dark Angel 2012 HD Edition,5,230.109751,"[""YT"",""ROCK"",""OSU""]",100,,,false
F-777 - Deadlocked,3,206.146757,"[""GEO""]",100,56.4,71.4,false
F-777 - Destructo Dance,2,249.382313,"[""YT""]",100,,,false
F-777 - Dream of Air,3,203.058503,"[""YT""]",100,,,false
F-777 - Flower Bazooka,3,235.055601,"[""YT""]",100,,,false
F-777 - Flying'n'Stuff (Trance),3,233.592744,"[""YT""]",100,,,false
F-777 - He's a Pirate,2,210.04771,"[""YT""]",100,,,false
F-777 - Icicles,3,307.617959,"[""YT""]",100,,,false
F-777 - Kung Fud,3,360.711837,"[""YT""]",100,,,false
F-777 - Life,3,262.362268,"[""YT""]",100,,,false
F-777 - Life Is Awesome,4,310.102494,"[""YT""]",100,,,false
F-777 - Once More,3,196.696236,"[""GEO""]",100,,,false
F-777 - One Last Hope,2,270.048073,"[""YT""]",100,,,false
F-777 - Shaolin Warrior,3,333.670748,"[""YT""]",100,,,false
F-777 - Shock Rave,3,148.073651,"[""GEO""]",100,,,false
F-777 - Sonic Blaster (TenToTu Remix),5,199.993469,"[""YT"",""REMIX""]",100,,,false
F-777 - Sound of Infinity,3,274.599184,"[""YT""]",100,,,false
F-777 - System Split,4,192.981043,"[""YT""]",100,,,false
F-777 - This Isnt Science Rocket,3,224.676281,"[""YT""]",100,,,false
F-777 - Viper,3,315.094785,"[""YT""]",100,,,false
F-777 - Wander of Thought,3,364.943673,"[""YT""]",100,,,false
Fairy Tail Main Theme (Hinkik Remix),3,144.985397,"[""YT"",""REMIX""]",100,,,false
Feint - My Sunset (Long Mix by Suni),3,540.669388,"[""YT""]",100,,,false
Feint - Tower Of Heaven You Are Slaves,3,188.429932,"[""OSU""]",100,,,false
Frederic Oddloop Instrumental,1,262.153288,"[""OSU""]",100,,,false
Friendzoned - S3RL feat Mixie Moon,3,248.314195,"[""OSU"",""LYRIC"",""EN""]",100,,,false
Frizk - ALL MY FELLAS (Instrumental),3,,"[""NEW""]",100,,,false
G2R2014Kreuz - skydeltaBGA,3,130.054966,"[""OSU""]",100,,,false
Galaxy Collapse,3,407.069025,"[""OSU""]",100,,,false
Garlagan - Hooley Gun,3,213.786122,"[""GEO""]",100,,,false
Genshin Impact - Fontaine,3,273.391746,"[""GAME"",""SAD""]",120,216.5,242,false
Genshin Impact - Kinich Theme (Fiery Pursuit),4,115.728254,"[""GAME""]",100,,,false
Geoxor - Aurora,3,200.782948,"[""GEO""]",100,,,false
Giga - Bring It On,5,235.148481,"[""OSU"",""LYRIC"",""JP""]",100,,,false
Giga-P - Hibikase,3,255.721361,"[""OSU"",""LYRIC"",""JP""]",100,,,false
Glitch Hop or 110BPM - Tristam Till Its Over Monstercat Release,4,270.628571,"[""YT""]",100,,,false
Glorious Thunderzone,3,329.375057,"[""YT""]",100,,,false
HalfLife 2 - Triage at Dawn,3,355.799365,"[""GAME"",""SAD""]",100,,,false
Halozy - KOKORO,3,79.180045,"[""OSU""]",100,,,false
Hatsune Miku - Mizuoto to Curtain,3,170.620227,"[""OSU"",""LYRIC"",""JP""]",100,,,false
Hikaru Nara - Goose House,4,248.829313,"[""LYRIC"",""JP"",""SAD""]",100,,,false
Hill of Avalon - Nekomata,4,220.12517,"[""FAV"",""YT""]",100,,,false
Himmel Off vocal,3,333.252789,"[""OSU"",""SAD""]",100,,,false
Hinkik - Blade,3,231.247528,"[""YT"",""SAD""]",100,,,false
Hinkik - Cepheid,3,166.440635,"[""YT""]",100,,,false
Hinkik - Ena,3,199.018231,"[""YT""]",100,,,false
Hinkik - Enchant,4,225.11746,"[""YT""]",100,73.5,105,false
Hinkik - Explorers,5,264.986122,"[""YT""]",100,35,53,false
Hinkik - Gaia,3,286.116281,"[""YT""]",100,,,false
Hinkik - Guardian,5,256.859138,"[""YT"",""ROCK""]",100,,,false
Hinkik - Invaders,3,215.829478,"[""YT""]",100,,,false
Hinkik - Momentum,5,220.31093,"[""OSU""]",100,40.5,58,false
Hinkik - Outbreaker,3,215.829478,"[""YT""]",100,,,false
Hinkik - Skystrike,3,210.744308,"[""YT""]",100,,,false
Hinkik - Time Leaper,4,240.047891,"[""YT""]",100,44,66.5,false
Hinkik & A Himitsu - Realms,4,216.293878,"[""YT""]",100,,,false
I Do - 911,1,201.691429,"[""LYRIC"",""EN""]",200,,,false
Illumination - Kevin Auvinen Epic Uplifting,2,234.396735,"[""YT""]",100,,,false
Jump Wars,2,264.059625,"[""YT""]",100,,,false
Junk - Qualia,3,,"[""NEW""]",100,,,false
JustaTee - She Neva Knows,4,289.274195,"[""LYRIC"",""VN""]",120,,,false
Kaixo - Troglodyte (Original Mix),4,268.705563,"[""GEO"",""BASS""]",100,,,false
Kirara Magic - Aquatic,3,175.473197,"[""NEW""]",100,,,false
Kirara Magic - Checkmate,4,187.152834,"[""YT""]",100,,,false
Kirara Magic - Dragonflame,3,198.716372,"[""NEW""]",100,,,false
Kirara Magic - Find Me (feat. Shion),4,159.939048,"[""LYRIC"",""JP"",""SAD""]",100,,,false
Kirara Magic - Kagetsu,3,219.126712,"[""YT""]",100,,,false
Kirara Magic - Melt,3,194.072381,"[""NEW""]",100,,,false
Kirara Magic - Vampire,2,190.984127,"[""YT""]",100,,,false
Kirara Magic - Wraith,4,200.527528,"[""YT""]",100,,,false
Kirara Magic & PIKASONIC - Flora,3,206.796916,"[""YT""]",100,,,false
Kirara Magic & Yirokos - Artemis,3,252.107755,"[""YT""]",100,,,false
Kirara Magic & Yirokos - Chrono,5,244.157823,"[""YT""]",140,64.9,91,false
Kitsune2 - Rainbow Tylenol,3,118.230204,"[""OSU""]",100,,,false
Kiynaria - Spirit of the Lilies,3,293.333333,"[""YT"",""SAD""]",100,,,false
Klaas - Mister Ruiz Godzilla CLAWZ DJ Spyroof Bootleg,3,216.038458,"[""YT""]",100,,,false
Kobo Kanaeru - Help,2,187.872653,"[""YT""]",100,,,false
Koxx - A Fool Moon Night,3,233.592744,"[""OSU"",""LYRIC""]",100,,,false
LAMIA Punishing Gray Raven OST,3,330.954014,"[""NEW""]",100,,,false
Lanota - Ice Floe,4,145.403356,"[""YT""]",100,,,false
Lchavasse - Lunar Abyss,2,231.386848,"[""YT""]",100,,,false
Let Me Hear - Fear and Loathing in Las Vegas,3,89.698685,"[""OSU"",""LYRIC"",""ANIME""]",100,,,false
Limitless Despair,2,238.213515,"[""YT""]",100,,,false
LK & JustaTee & Emily - Imma Heartbreaker,3,308.166531,"[""LYRIC"",""VN"",""SAD""]",100,,,false
LMYK0 zero - The Case Study of Vanitas,3,218.267574,"[""ANIME"",""LYRIC"",""EN""]",100,,,false
Lockyn - Sequence,3,258.995374,"[""YT""]",100,,,false
Lockyn - Skybound,3,426.901333,"[""YT""]",100,,,false
Lost Sky - Dreams,3,215.06322,"[""OSU""]",100,,,false
Luis Fonsi - Despacito ft Daddy Yankee,2,281.56517,"[""LYRIC""]",100,,,false
M2U - Adonis,2,267.656417,"[""YT""]",100,,,false
M2U - Grafiore,2,182.114104,"[""YT""]",100,,,false
M2U - GypsyTronic,3,224.072562,"[""NEW""]",100,,,false
M2U - Magnolia,3,242.044807,"[""OSU"",""LYRIC""]",110,,,false
M2U - Mare Maris,4,132.307302,"[""OSU""]",110,,,false
M2U - Marigold,4,152.740862,"[""OSU"",""LYRIC""]",100,,,false
M2U - Myosotis,3,148.58449,"[""OSU"",""LYRIC""]",100,,,false
M2U - Nightmare,4,125.271655,"[""OSU""]",100,,,false
M2U - Quo Vadis,3,146.308934,"[""OSU""]",100,,,false
M2U - Seeker [Trance],2,139.273288,"[""YT""]",100,,,false
M2U - Velocity,3,136.974512,"[""NEW""]",100,,,false
M2U - Wicked Fate,3,108.390748,"[""OSU""]",100,,,false
M2U & ESTi - Obelisque,4,148.58449,"[""OSU""]",100,,,false
M2U & Gentle Stick - Ineffabilis,3,152.717642,"[""NEW""]",100,,,false
M2U & Nicode - Loadstar,2,154.598458,"[""YT"",""SAD""]",100,,,false
M2U & Nicode - Lune,3,118.955828,"[""NEW""]",100,,,false
M2U & Nicode - Stellar,4,120.418685,"[""OSU""]",100,,,false
M2U x Nicode - Myosotis,3,212.950204,"[""OSU""]",120,,,true
MadhouseDude - Check Out,2,265.218322,"[""YT""]",100,,,false
MadhouseDude - Flock,3,250.055692,"[""NEW""]",100,,,false
MadhouseDude - Jet Set,4,279.127075,"[""GEO""]",120,50.2,81.3,false
MadhouseDude - Loose (Dance),5,281.68127,"[""YT"",""ROCK""]",100,85.8,104.33,false
MadhouseDude - Massacre,4,215.829478,"[""YT""]",100,,,false
MadhouseDude - Now Were Talking,2,249.893152,"[""YT""]",100,,,false
MadhouseDude - Omega,3,204.89288,"[""YT""]",100,,,false
maimaiExcalibur Revived resolutionProject Grimoire,3,134.629297,"[""NEW""]",100,,,false
Marshmello - Alone,3,199.50585,"[""OSU""]",100,,,false
MDK - Cryptofunk,1,310.729433,"[""YT""]",100,,,false
MDK - Press Start,4,210.07093,"[""GEO"",""FAV""]",100,,,false
MDK - Press Start (Flash fyre),4,254.862222,"[""GEO"",""FAV""]",100,,,false
MDK ft Nick Sadler - Firebird,3,258.739955,"[""YT""]",100,,,false
Meganeko - Milkshake,3,235.218141,"[""YT""]",100,,,false
Mili - Vulnerability,3,128.684989,"[""OSU""]",100,,,false
Mittsies - Epitomize,3,260.063492,"[""YT""]",100,,,false
Mittsies - Vitality (Remix),4,240.256871,"[""GEO"",""BASS"",""REMIX""]",100,165.5,192.38,false
MongTamQuoc3Q - V.A,3,241.632653,"[""GAME""]",150,,,false
MuraD & DJ LeGenD - Future,4,169.01805,"[""YT""]",100,,,false
Naguwagon - Stellar,3,192.563084,"[""YT""]",100,,,false
Nekomata Gekidan - AsiaN distractive,3,123.158639,"[""OSU""]",100,,,false
Nekomata Master - Goodbye Heaven,2,300.396553,"[""YT""]",100,,,false
NemesisTheory - Heavenly Horrors,3,347.486621,"[""YT""]",100,,,false
Newgrounds - Crime Blizzard,2,219.72105,"[""YT""]",100,,,false
Newgrounds - Silentium,1,407.228025,"[""NG""]",100,,,false
Newgrounds - Thunderbird,2,198.248375,"[""YT""]",100,,,false
Nguyễn Đình Vũ - Chúng Ta Dừng Lại Ở Đây Thôi,1,270.883991,"[""LYRIC"",""VN"",""SAD""]",100,,,false
Nguyễn Đình Vũ - Cứ thế mong chờ,3,252.958186,"[""LYRIC"",""VN""]",100,,,false
Nguyễn Đình Vũ - Dối lừa,4,222.423946,"[""LYRIC"",""VN""]",100,,,false
Night of Nights - beat MARIO (Flowering nights remix),3,191.309206,"[""OSU"",""REMIX""]",100,,,false
Nightcall - Kallocain,3,228.008354,"[""NEW""]",100,,,false
Nightcall - Reverie,3,290.197333,"[""NEW""]",130,,,false
Nightcall - Stuck In Dreams,4,247.125333,"[""EPIC""]",100,84.3,117.5,false
"Nightcore - Alan Walker, Sabrina Carpenter x Farruko - On My Way",3,173.034667,"[""LYRIC"",""EN""]",100,,,false
Nightcore - Cambodia,3,160.983946,"[""OSU"",""LYRIC"",""EN""]",100,,,false
Nightcore - Centuries,3,158.406531,"[""YT""]",100,,,false
Nightcore - Darkside - (Alan Walker _ Lyrics),3,185.225583,"[""NIGHTCORE"",""LYRIC"",""EN""]",100,,,false
Nightcore - Feeling So Blue,3,151.092245,"[""LYRIC"",""NIGHTCORE""]",100,,,false
Nightcore - Hero Skillet,4,154.923537,"[""NIGHTCORE"",""LYRIC""]",100,,,false
Nightcore - Hiding In The Blue Lyrics,3,193.468662,"[""YT""]",100,,,false
Nightcore - Ignite  K391  Alan Walker  Lyrics,3,180.233288,"[""YT""]",100,,,false
Nightcore - Im Good Blue,3,161.448345,"[""YT""]",100,136.5,151,false
Nightcore - Legends Never Die,3,203.871202,"[""YT""]",100,,,false
Nightcore - Live For The Night,3,175.914376,"[""OSU"",""LYRIC"",""EN""]",100,,,false
Nightcore - MAYDAY,3,215.24898,"[""OSU""]",100,,,false
Nightcore - Nevada,4,184.227125,"[""YT"",""LYRIC"",""EN""]",100,,,false
Nightcore - Starset,3,166.905034,"[""YT""]",100,,,false
Nightcore - Sweet But Psycho  Ava Max  Lyrics,3,166.579955,"[""YT"",""LYRIC"",""EN""]",100,,,false
Nightcore - This Little Girl,4,171.525805,"[""YT"",""OSU"",""LYRIC"",""JP""]",100,,,false
Nightcore - Till Its Over,3,234.521542,"[""YT""]",100,,,false
Nightcore - Titanium,4,210.291521,"[""YT"",""LYRIC"",""EN""]",100,,,false
Nightcore ET - Take It Off Switching Vocals,3,202.199365,"[""YT"",""LYRIC""]",100,,,false
Nightstep - Shatter Me,3,235.52,"[""YT"",""LYRIC"",""EN""]",100,,,false
Noragami Aragoto - Kyouran Hey Kids,3,89.904,"[""OSU"",""LYRIC"",""ANIME""]",100,,,false
O2i3 - TSLove,3,98.057868,"[""OSU""]",100,,,false
O2Jam - BSPower Explosion,4,141.873923,"[""OSU""]",100,,,false
O2Jam - Cross Time,3,152.090703,"[""OSU""]",100,,,false
O2Jam - Invitation,2,127.291791,"[""YT""]",100,,,false
O2Jam - New World Black,2,145.728435,"[""YT""]",100,,,false
O2Jam - Pandemonium,2,132.098322,"[""YT""]",100,,,false
O2Jam SHK - Identity part 3,3,129.102948,"[""YT""]",100,,,false
O2Jam SHK - Identity part 4,4,117.121451,"[""OSU""]",100,,,false
O2Jam SHK - Identity part 5,3,136.115374,"[""OSU""]",100,,,false
One For All All For One - Razihel & Virtual Riot,4,260.620771,"[""OSU"",""FAV""]",100,,,false
Orange & Hoàng Dũng - Khi Em Lớn,1,235.31102,"[""LYRIC"",""VN""]",100,,,false
Oriental Blossom - Eisyokobu,3,116.726712,"[""EPIC""]",100,,,false
Panda Eyes - KIKO,4,322.64127,"[""OSU""]",100,,,false
Panda Eyes & Teminite - Immortal Flame (feat. Anna Yvette),4,309.823855,"[""OSU""]",100,,,false
Pandora hearts - Will,3,172.477823,"[""ANIME"",""SAD""]",100,,,false
Peer Gynt - cYsmix,3,140.968345,"[""OSU"",""FAV""]",100,,,false
Penoreri - Preserved Valkyria,3,124.087438,"[""OSU""]",100,,,false
Phigros - Hikari,4,131.796463,"[""GAME""]",100,,,false
Phyrnna - Crystalis Fantasia,3,143.754739,"[""OSU""]",100,,,false
PIKASONIC - Asuka,3,237.145397,"[""YT""]",100,,,false
Pikasonic - New Start,3,252.122268,"[""NEW""]",100,,,false
PITCAM STORY - Michael Conn,3,204.93932,"[""EPIC""]",100,,,false
Plants vs Zombies Music - Daytime in Back Yard,4,329.224146,"[""GAME"",""SAD""]",100,222,240.2,false
Plants vs Zombies Music - Daytime in Front Yard,3,331.580958,"[""GAME""]",100,,,false
Plants vs Zombies Music - The Roof,4,327.447813,"[""GAME""]",100,104.6,119.6,false
Plants vs Zombies Soundtrack - Main Menu,3,87.527625,"[""GAME""]",100,,,false
Plants vs Zombies Soundtrack - Mini Games,3,106.800979,"[""GAME""]",100,,,false
Plants vs Zombies Soundtrack - Zomboss Stage,3,100.600458,"[""GAME""]",100,,,false
Pokemon - Driftveil City,3,90.813243,"[""GAME""]",100,,,false
Pyro X - Blaze [Diversity Release],3,242.068027,"[""YT""]",100,,,false
Quynh Nhu - Don Coi (Instrumental),3,103.677098,"[""OSU"",""SAD""]",100,,,false
Rche - entelecheia,2,112.082721,"[""YT""]",100,,,false
Renatus - Soleily,3,242.555646,"[""OSU""]",100,,,false
Reol - Asymmetry,3,256,"[""OSU""]",100,,,false
Reol - ChiruChiru,5,197.137415,"[""OSU"",""LYRIC"",""JP""]",100,54,69.5,false
Reol - Drop Pop Candy,4,227.137596,"[""OSU"",""LYRIC"",""JP""]",100,,,false
Reol - Endless Line,3,218.244354,"[""OSU"",""LYRIC"",""JP""]",100,,,false
Reol - Hibikase,4,256.04644,"[""OSU"",""LYRIC"",""JP""]",100,,,false
Reol - Luvoratorrrrry,3,205.101859,"[""OSU"",""LYRIC"",""JP""]",100,,,false
Reol - Saisaki,4,221.773787,"[""OSU"",""LYRIC"",""JP""]",100,,,false
Reol - YoiYoi Kokon,3,271.11619,"[""OSU"",""LYRIC"",""JP""]",100,,,false
Retrograde Xomu - Valhalla,4,294.429025,"[""GEO""]",100,129,166.7,false
Rigel Theatre - Lurie,2,348.06712,"[""YT""]",100,,,false
Rival & Cadmium - Seasons feat Harley Bird Futuristik Whogaux Remix,2,193.050703,"[""YT"",""LYRIC"",""EN"",""REMIX""]",100,,,false
Ryu - Plan 8,3,124.017778,"[""OSU"",""ROCK"",""FAV""]",100,,,false
Ryu - sakura storm,3,178.677551,"[""YT""]",100,,,false
Ryu - Sakura Sunrise,3,202.640544,"[""NEW""]",100,,,false
S3RL - MTC (Different Heaven Remix),3,186.827755,"[""OSU"",""REMIX""]",100,,,false
Saiya - Remote Control,3,144.404898,"[""OSU"",""LYRIC""]",100,,,false
Sakuzyo - Lost Memory Album Pop Candy Wonderland,3,255.651701,"[""YT""]",100,,,false
SayMaxWell - Helltaker - Epitomize Remix NO Copyright,3,266.26322,"[""YT"",""ROCK"",""REMIX""]",100,,,false
Scattered Faith,3,500.088163,"[""YT""]",100,,,false
Seiryu - Blue dragon,4,203.499683,"[""OSU""]",100,,,false
Seiryu - Critical Crystal,5,115.078095,"[""OSU""]",100,,,false
Shark Attack - Free For All,4,235.128163,"[""YT""]",100,,,false
Shawn Wasabi - Marble Soda,3,169.970068,"[""OSU""]",100,,,false
Sick Enough To Die - Mc Mong ft Mellow,3,206.332517,"[""LYRIC"",""EN""]",100,,,false
Silent Echo & DJ Spyroof - Summertime,4,181.069206,"[""FAV""]",100,4.2,30.95,false
Sơn Tùng MTP - Chúng ta của tương lai,3,276.52644,"[""LYRIC"",""VN""]",100,,,false
Sơn Tùng MTP - Lạc Trôi,3,272.253968,"[""LYRIC"",""VN""]",100,,,false
Sơn Tùng MTP - Nắng Ấm Xa Dần,3,192.029025,"[""LYRIC"",""VN""]",110,,,false
Sonitus Vir - Stormy Weather,3,174.590839,"[""YT""]",100,,,false
Soulwind - Aztech & Lockyn,5,320.992653,"[""GEO""]",130,40.6,55,false
Steins Gate 0 Opening - Fatima by Kanako Ito,3,,"[""NEW""]",100,,,false
Steins Gate Opening - Full AMV,3,256.626939,"[""ANIME"",""SAD""]",150,,,false
Steins Gate Opening - Full AMV,3,256.626939,"[""ANIME"",""SAD""]",150,,,true
Tarpey - Close Call,3,263.151746,"[""OSU""]",100,,,false
Tatsh - reunion,3,305.713923,"[""YT""]",120,59.64,74.8,false
Teggoon & Xomu - Recollections Simplicity,3,221.518367,"[""YT"",""SAD""]",100,,,false
Teminite & MDK - Space Invaders,5,348.06712,"[""OSU""]",100,103.3,137,false
Teminite & Panda Eyes - Highscore,3,260.783311,"[""OSU""]",100,,,false
Thaehan - Complicity,3,174.05678,"[""NEW""]",100,,,false
Thaehan - DokiDoki,4,107.090431,"[""OSU""]",100,,,false
Thaehan - Final Boss (Electro Baroque Chiptune),3,117.098231,"[""YT""]",100,,,false
Thaehan - Help,3,154.110839,"[""OSU""]",100,,,false
Thaehan - Sayajin,3,94.156916,"[""OSU""]",120,,,false
The Anix - Night Fighter,3,160.10449,"[""YT"",""LESS""]",100,,,true
The Promised Neverland - Touch Off,3,127.175692,"[""OSU"",""ANIME""]",100,,,false
TheDawn - Dreamtale_vnce,3,246.452583,"[""OSU""]",100,,,false
TheFatRat & Phaera - Sunlight (Instrumental),4,132.702041,"[""GEO""]",120,8,27.3,false
Thomas Bergersen - Empire of Angels Sun,3,316.673741,"[""EPIC""]",100,,,false
Timbaland - Apologize,1,188.760816,"[""LYRIC"",""EN"",""SAD""]",100,,,false
Tobu - Infectious,3,317.44,"[""YT""]",100,,,false
Touhou Vocal - Though the Scent Lingers the Flower Scattered,3,219.846531,"[""OSU"",""LYRIC""]",100,,,false
TranceElectro Chipparoony,3,231.131429,"[""NEW""]",100,,,false
TripleD - SS Goin Down,3,145.946122,"[""LESS""]",100,,,true
TumahaB - Eclipse Zero,2,122.62458,"[""YT""]",100,,,false
Two Steps From Hell - After the Fall,1,147.562812,"[""EPIC""]",100,,,false
Two Steps From Hell - Archangel,3,159.312109,"[""EPIC""]",100,,,false
Two Steps From Hell - Away With Your Fairies,1,262.153288,"[""EPIC""]",100,,,false
Two Steps From Hell - Believe,2,292.641088,"[""EPIC""]",100,,,false
Two Steps From Hell - Blackheart SkyWorld,3,272.486168,"[""EPIC""]",100,,,false
Two Steps From Hell - Cannon in D Minor,3,190.078549,"[""EPIC""]",100,,,false
Two Steps From Hell - El Dorado SkyWorld,3,260.318912,"[""EPIC""]",100,,,false
Two Steps From Hell - Enchantress,3,497.278549,"[""EPIC""]",100,,,false
Two Steps From Hell - Evergreen,2,182.392744,"[""EPIC""]",100,,,false
Two Steps From Hell - Flight of the Silverbird,2,211.092608,"[""EPIC""]",100,,,false
Two Steps From Hell - For the Win SkyWorld,3,138.25161,"[""EPIC""]",100,,,false
Two Steps From Hell - Heart of Courage,2,216.200998,"[""EPIC""]",100,,,false
Two Steps From Hell - Impossible feat Merethe Soltvedt,3,534.825215,"[""EPIC""]",100,,,false
Two Steps From Hell - Myth,4,479.654603,"[""EPIC""]",100,,,false
Two Steps From Hell - Never Back Down,3,179.32771,"[""EPIC""]",100,,,false
Two Steps From Hell - Never Give Up On Your Dreams,1,320.922993,"[""EPIC""]",100,,,false
Two Steps From Hell - Protectors of the Earth,3,170.597007,"[""EPIC""]",100,,,false
Two Steps From Hell - Skyworld,3,204.405261,"[""EPIC""]",100,,,false
Two Steps From Hell - Star Sky,3,335.017506,"[""EPIC""]",100,,,false
Two Steps From Hell - Strength of a Thousand Men Archangel,3,139.969887,"[""EPIC""]",100,,,false
Two Steps From Hell - To Glory,3,275.992381,"[""EPIC""]",100,,,false
Two Steps From Hell - Unbreakable feat Merethe Soltvedt,3,256.603719,"[""EPIC""]",100,,,false
Two Steps From Hell - Unleashed feat Merethe Soltvedt,2,325.102585,"[""EPIC""]",100,,,false
Two Steps From Hell - Victory,3,328.678458,"[""EPIC""]",100,,,false
Two Steps From Hell - Winterspell SkyWorld,3,206.541497,"[""EPIC""]",100,,,false
Undertale - Battle Against a True Hero,3,317.2078,"[""GAME""]",100,,,false
Undertale - ECHO Animation,3,239.304853,"[""GAME"",""YT""]",100,,,false
Undertale - Megalovania,3,156.130975,"[""GAME"",""OSU""]",100,,,false
Urbanstep - In My Head,2,230.086531,"[""YT""]",100,,,false
USAO - Cyaegha,3,142.291882,"[""YT""]",100,,,false
Vicetone - Nevada,5,208.596479,"[""YT"",""LYRIC"",""EN""]",100,92,110.3,false
Villain Virus - Kobaryo,3,268.852245,"[""YT"",""LESS""]",100,,,true
Virkato - Piano Concerto No. 1 Scorpion Fire,2,130.054966,"[""YT""]",100,,,false
VOCALOID - ECHO Gumi,3,244.970522,"[""OSU"",""LYRIC""]",100,,,false
Warak - Reanimate,3,156.595374,"[""OSU""]",100,,,false
Warriyo - Mortals feat Laura Brehm ELPORT remix,2,242.300227,"[""YT"",""REMIX""]",100,,,false
Waterflame - Conclusion HD,2,252.215147,"[""YT""]",100,,,false
Waterflame - Electroman Adventures,4,152.671202,"[""GEO""]",100,,,false
Waterflame - Field Of Memories Extended 2014,3,623.712653,"[""NEW""]",100,,,false
Waterflame - Final Battle,3,331.046893,"[""YT""]",100,,,false
Waterflame - Hexagon Force,4,259.993832,"[""GEO""]",130,,,false
Waterflame - Time Machine 2,3,238.399274,"[""GEO""]",100,,,false
Waterflame & F-777 - Moonbeam,3,285.071383,"[""YT""]",100,,,false
WEWEWE Saradisk - 222,3,50.178322,"[""OSU""]",100,,,false
Wiz Khalifa - See You Again ft Charlie Puth,1,237.453061,"[""LYRIC"",""EN""]",100,,,false
Wizards in Winter - TransSiberian Orchestra,3,188.133878,"[""OSU""]",100,,,false
Wu Xuan Lan - Ci Mei Gui,3,98.081088,"[""OSU""]",100,,,false
Xomu - Escape From Heaven,4,180.047528,"[""YT"",""SAD""]",100,,,false
Xomu - Lanterns,3,231.154649,"[""YT""]",100,,,false
Xomu - Last Dance,3,205.05542,"[""YT""]",100,,,false
Xomu - Mannenzakura,2,188.963991,"[""YT""]",100,,,false
Xomu - Moonfall VIP Simplicity Release,4,275.342222,"[""YT""]",100,,,false
Xomu - My CosMic,3,176.216236,"[""YT""]",100,,,false
Xomu - Tera,3,228.275374,"[""YT""]",100,,,false
Xomu - Walpurgis Night,3,217.896054,"[""YT""]",100,,,false
Xomu & Justin Klyvis - Setsuna,2,194.049161,"[""YT""]",100,,,false
Xomu & Justin Klyvis - Setsuna Kirara Magic Remix,3,175.055238,"[""YT"",""REMIX""]",100,,,false
Xomu & Retrograde - Airborne,3,243.739864,"[""NEW""]",100,,,false
Xomu & Wisp X - Lumina,5,218.058594,"[""YT"",""SAD""]",130,169.5,200.34,false
Xomu & ZxNX - Spiritworks,3,289.297415,"[""YT""]",100,,,false
"Xomu, Hyurin & Mitsune - Gloxinia",2,218.081814,"[""YT""]",100,,,false
Xtrullor - Ichor,3,208.050794,"[""NEW""]",100,,,false
Xtrullor - Supernova,3,311.843991,"[""GEO"",""SAD""]",100,,,false
Yirokos - Sapphire Feat Xomu,3,172.106304,"[""YT""]",100,,,false
Yirokos - Skyfall,3,205.450159,"[""YT""]",100,,,false
Yirokos - Velocity,3,210.581769,"[""YT""]",100,,,false
Yoasobi - Idol,4,225.767619,"[""ANIME"",""LYRIC"",""JP""]",100,54.8,78,false
Yoasobi - Kaibutsu,4,208.213333,"[""OSU"",""LYRIC"",""JP""]",100,,,false
Yoasobi - Ultramarine blue,2,262.199728,"[""LYRIC"",""JP""]",100,,,false
Yoasobi - Yoru ni Kakeru,3,281.123991,"[""OSU"",""LYRIC"",""JP""]",100,,,false
Yuikonnu Ayaponzu - Super Neko World,3,220.28771,"[""OSU""]",100,,,false
Zektium - Aurora,2,214.668481,"[""YT""]",100,,,false
Zektium - Future Sight,4,193.445442,"[""YT""]",100,,,false
Zektium - Moonblast,3,194.42068,"[""NEW""]",100,,,false
Zenless Zone Zero - Rescue Mission (Chapter 3 Combat),4,89.814785,"[""GAME""]",100,,,false
ZUN Remixed by LeaF - Resurrection Spell,3,148.932789,"[""OSU"",""REMIX""]",120,,,false